email,password
fohede5896@vasqa.com,fohede5896@vasqa.com
cultamuspu@vusra.com,cultamuspu@vusra.com
lulewaly@decabg.eu,lulewaly@decabg.eu
maknukorzo@vusra.com,maknukorzo@vusra.com
jartabetre@vusra.com,jartabetre@vusra.
rartatasto@vusra.com,rartatasto@vusra.
juknimifye@vusra.com,juknimifye@vusra.
miydohokno@vusra.com,miydohokno@vusra.
derdanuspi@vusra.com,derdanuspi@vusra.
vodrupagni@vusra.com,vodrupagni@vusra.
surdezurzu@vusra.com,surdezurzu@vusra.
saltuduknu@vusra.com,saltuduknu@vusra.
